day_of_week,skip_rate
Friday,0.319375443577005
Monday,0.06722689075630252
Saturday,0.04317789291882556
Sunday,0.033288948069241014
Thursday,0.3620803159973667
Tuesday,0.061293288384921846
Wednesday,0.5385996409335727
