hour,skip_rate
0,0.0
1,1.1673151750972763
2,0.0
3,0.5030181086519114
4,0.4405286343612335
5,0.3673094582185491
6,0.3225806451612903
7,0.23752969121140144
8,0.3940886699507389
9,0.6609385327164574
10,0.13908205841446453
11,0.11627906976744186
12,0.0
13,0.0
14,0.16393442622950818
15,0.0
16,0.0
17,0.0
18,0.0
19,0.0
20,0.0
21,0.0
22,0.0
23,0.0
