category,skip_rate
0-1min,0.21009479887266208
1-5min,1.107011070110701
5-10min,0.0
10-30min,0.0
30-60min,0.0
60min+,0.0
