category,skip_rate
0-1min,0.9545454545454546
1-5min,0.045454545454545456
5-10min,0.0
10-30min,0.0
30-60min,0.0
60min+,0.0
