category,skip_rate
0-1min,0.40433925049309666
1-5min,3.5294117647058822
5-10min,0.0
10-30min,0.0
30-60min,0.0
60min+,0.0
