is_weekend,skip_rate
weekday,0.27209121534076186
weekend,0.03759398496240602
