is_weekend,skip_rate
weekday,0.5136986301369862
weekend,0.06814310051107325
